log,pipeline,ref,fitness_original,precision_original,entropy_original,silhouette,fitness_clus,precision_clus,entropy_clus,#clusters,fitness_improval,precision_improval,entropy_improval
bpi_2012_sample_15.csv,"AgglomerativeClustering(input_matrix, encoding=alignments, linkage=ward, metric=euclidean, n_clusters=103)",bpi_2012_sample_15.csv_6478a1e770c454f6d9d9a365.csv,0.9298,0.3697,0.444,0.839,0.953547087378641,0.661271305285868,0.180218284789644,103,0.023747087378641,0.291571305285868,0.263781715210356
bpi_2013_closed_problems.csv,"MiniBatchKMeans(CombineDFs(input_matrix, input_matrix), encoding=word2vec, init=k-means++, max_iter=100, n_clusters=14)",bpi_2013_closed_problems.csv_6478a1e770c454f6d9d9a339.csv,0.99,0.9295,0.3109,0.8284,0.96404277067922,0.863379354404842,0.15010477471419,14,-0.02595722932078,-0.066120645595158,0.16079522528581
bpi_2013_incidents.csv,"MiniBatchKMeans(input_matrix, encoding=alignments, init=random, max_iter=300, n_clusters=97)",bpi_2013_incidents.csv_6478a1e770c454f6d9d9a32c.csv,0.9913,0.9437,0.4047,0.8724,0.94066007413291,0.699807505957109,0.13585553349219,90,-0.050639925867091,-0.243892494042891,0.26884446650781
helpdesk.csv,"DBSCAN(CombineDFs(input_matrix, input_matrix), encoding=alignments, eps=10.0, leaf_size=25, metric=manhattan, min_samples=1)",helpdesk.csv_6478a1e770c454f6d9d9a359.csv,0.7265,0.935,0.2541,0.9717,0.997069541484716,0.949842576419214,0.000486572052402,222,0.270569541484716,0.014842576419214,0.253613427947598
sepsis.csv,"DBSCAN(input_matrix, encoding=node2vec, eps=0.01, leaf_size=45, metric=manhattan, min_samples=1)",sepsis.csv_6478a1e770c454f6d9d9a348.csv,0.6503,0.9476,0.5223,0.6858,0.575127333333333,0.605028285714286,0.22707780952381,433,-0.075172666666667,-0.342571714285714,0.29522219047619
